Reaction,WT_DAP6,O2_DAP6,WT_DAP8,O2_DAP8,WT_DAP10,O2_DAP10,WT_DAP12,O2_DAP12,WT_DAP15,O2_DAP15,WT_DAP18,O2_DAP18,WT_DAP22,O2_DAP22,WT_DAP30,O2_DAP30
R00480[K,p],0.00000251,0.00000373,0.00000237,0.00000405,0.00000263,0.00000268,0.00000305,0.00000281,0.00000673,0.00580307,0.00000518,0.00000677,0.00000151,1.25078177,0.00000000,0.00000000
R00355[K,p],-0.00000251,-0.00000373,-0.00000237,-0.00000405,-0.00000263,-0.00000268,-0.00000305,-0.00000281,-0.00000673,-0.00580307,-0.00000518,-0.00000677,-0.00000151,-1.25078177,0.00000000,0.00000000
R01954[K,p],0.00000000,0.00000000,0.00000000,0.00000000,0.00000000,0.00000000,0.00000000,0.00000000,0.00000000,0.00000000,0.00000000,0.00000000,0.00000000,0.00000000,0.00000000,0.00000000
R02291[K,p],0.00000251,0.00000373,0.00000237,0.00000405,0.00000263,0.00000268,0.00000305,0.00000281,0.00000673,0.00580307,0.00000518,0.00000677,0.00000151,1.25078177,0.00000000,0.00000000
R02292[K,p],0.00000251,0.00000373,0.00000237,0.00000405,0.00000263,0.00000268,0.00000305,0.00000281,0.00000673,0.00580307,0.00000518,0.00000677,0.00000151,1.25078177,0.00000000,0.00000000
R04198[K,p],0.00000251,0.00000373,0.00000237,0.00000405,0.00000263,0.00000268,0.00000305,0.00000281,0.00000673,0.00580307,0.00000518,0.00000677,0.00000151,1.25078177,0.00000000,0.00000000
R02735[K,p],0.00000251,0.00000373,0.00000237,0.00000405,0.00000263,0.00000268,0.00000305,0.00000281,0.00000673,0.00580307,0.00000518,0.00000677,0.00000151,1.25078177,0.00000000,0.00000000
R00451[K,p],0.00000251,0.00000373,0.00000237,0.00000405,0.00000263,0.00000268,0.00000305,0.00000281,0.00000673,0.00580307,0.00000518,0.00000677,0.00000151,1.25078177,0.00000000,0.00000000
R00715[K,c],0.00000000,0.00000127,0.00000000,0.00000127,0.00000000,0.00000000,0.00000000,0.00000000,0.00000000,0.00000000,0.00000000,0.00000000,0.00000000,0.00000000,0.00000000,0.00000000
R00715[K,p],0.00000000,0.00000000,0.00000000,0.00000000,0.00000000,0.00000000,0.00000000,0.00000000,0.00000000,0.00000000,0.00000000,0.00000000,0.00000000,0.00000000,0.00000000,0.00000000
R00716[K,c],0.00000000,0.00000000,0.00000000,0.00000000,0.00000000,0.00000000,0.00000000,0.00000000,0.00000000,0.00000000,0.00000000,0.00000000,0.00000000,0.00000000,0.00000000,0.00000000
R02313[K,c],0.00000000,0.00000127,0.00000000,0.00000127,0.00000000,0.00000000,0.00000000,0.00000000,0.00000000,0.00000000,0.00000000,0.00000000,0.00000000,0.00000000,0.00000000,0.00000000
R03102[K,c],0.00000000,0.00000000,0.00000000,0.00000000,0.00000000,0.00000000,0.00000000,0.00000000,0.00000000,0.00000000,0.00000000,0.00000000,0.00000000,0.00000000,0.00000000,0.00000000
R03658[K,m],0.00000000,0.00000000,0.00000000,0.00000000,0.00000000,0.00000000,0.00000000,0.00000000,0.00000000,0.00000000,0.00000000,0.00000000,0.00000000,0.00000000,0.00000000,0.00000000
R03658[K,p],0.00000000,0.00000000,0.00000000,0.00000000,0.00000000,0.00000000,0.00000000,0.00000000,0.00000000,0.00000000,0.00000000,0.00000000,0.00000000,0.00000000,0.00000000,0.00000000
cpTransport_C00047[K],-0.00000251,-0.00000373,-0.00000237,-0.00000405,-0.00000263,-0.00000268,-0.00000305,-0.00000281,-0.00000673,-0.00580307,-0.00000518,-0.00000677,-0.00000151,-1.25078177,0.00000000,0.00000000
ExB_C00047[K],0.00000251,0.00000246,0.00000237,0.00000278,0.00000263,0.00000268,0.00000305,0.00000281,0.00000673,0.00580307,0.00000518,0.00000677,0.00000151,1.25078177,0.00000000,0.00000000
Exchange_C00047[K,L],0.00000000,0.00000000,0.00000000,0.00000000,0.00000000,0.00000000,0.00000000,0.00000000,0.00000000,0.00579750,0.00000000,0.00000000,0.00000000,1.25078028,-0.00000074,-0.00000025
cpTransport_C00449[K],0.00000000,0.00000000,0.00000000,0.00000000,0.00000000,0.00000000,0.00000000,0.00000000,0.00000000,0.00000000,0.00000000,0.00000000,0.00000000,0.00000000,0.00000000,0.00000000
Seed_Biomass[K],0.00059945,0.00058680,0.00056615,0.00066242,0.00062819,0.00063878,0.00072655,0.00067071,0.00160392,0.00132865,0.00123453,0.00161305,0.00036039,0.00035559,0.00017531,0.00005969
R00200[K,c],0.00000000,0.00000000,0.00000000,0.00000000,0.00000000,0.00000000,0.17551606,0.00000000,2.11977113,0.00000000,0.00000000,0.00000000,1.42248281,3.25921673,0.00000000,0.02080383
R00200[K,p],0.08398431,0.08803312,0.08257205,0.10153803,0.08202221,0.09094870,0.05952660,0.05855451,0.21239743,0.17028938,0.05833587,0.17892946,0.00000000,1.10767262,0.00000000,0.00000000
R00206[K,c],0.00000000,0.00000000,0.00000000,0.00000000,0.00000000,0.00000000,0.00000000,0.00000000,1.60537675,0.00000000,0.00000000,0.53751470,1.20303135,0.00000000,0.00000000,0.00000000
R00206[K,p],0.00000000,0.00000000,0.00000000,0.00000000,0.00000000,0.00000000,0.00000000,0.00000000,0.00000000,0.00000000,0.00000000,0.00000000,0.00000000,0.00000000,0.00012349,0.00000000
R00224[K,c],0.00000000,0.00000000,0.00000000,0.00000000,0.00000000,0.00000000,0.00000000,0.00000000,0.00114290,0.00000000,0.00065305,0.00073743,0.00019054,0.00018810,0.00009274,0.00003586
R00258[K,c],-0.00003365,-0.00003294,-0.00003178,-0.00003718,-0.00003526,-0.00003586,-0.00004078,-0.00003765,-0.00009003,-0.00007458,-0.00006930,-0.00009054,-0.00002023,-0.00001979,-0.00000984,-0.00000335
PhloemImport_C00001[K,c],0.00000000,0.00000000,0.00000000,0.00000000,0.00000000,0.00000000,0.00000000,0.00000000,0.00000000,0.00000000,0.00000000,0.00000000,0.00000000,0.00000000,0.00000000,0.00000000
PhloemImport_C00002_E[K,c],0.00000000,0.00000000,0.00000000,0.00000000,0.00000000,0.00000000,0.00000000,0.00000000,0.00000000,0.00000000,0.00000000,0.00000000,0.00000000,0.00000000,0.00000000,0.00000000
PhloemImport_C00002_I[K,c],0.00000000,0.00000000,0.00000000,0.00012257,0.00000000,0.00000000,0.00000000,0.00000000,0.00056681,0.00024585,0.00000000,0.00029923,0.00000000,0.00000000,0.00000000,0.00000000
PhloemImport_C00007[K,c],0.00000000,0.00000000,0.00000000,0.00000000,0.00000000,0.00000000,0.00000000,0.00000000,0.00000000,0.00000000,0.00000000,0.00000000,0.00000000,0.00000000,0.00000000,0.00000000
PhloemImport_C00008_E[K,c],0.00000000,0.00000000,0.00000000,0.00000000,0.00000000,0.00000000,0.00000000,0.00000000,0.00000000,0.00000000,0.00000000,0.00000000,0.00000000,0.00000000,0.00000000,0.00000000
PhloemImport_C00008_I[K,c],0.00011092,0.00010858,0.00010478,0.00000000,0.00011624,0.00011820,0.00013444,0.00012411,0.00000000,0.00000000,0.00022901,0.00000000,0.00000000,0.00000000,0.04676864,0.00001536
PhloemImport_C00009[K,c],0.00000000,0.00000000,0.00000000,0.00000000,0.00000000,0.00000000,0.00000000,0.00000000,0.00000000,0.00000000,0.00000000,0.00000000,0.00000000,0.00000000,0.00000000,0.00000000
PhloemImport_C00015_E[K,c],0.00000000,0.00000000,0.00000000,0.00000000,0.00000000,0.00000000,0.00000000,0.00000000,0.00000000,0.00000000,0.00000000,0.00000000,0.00000000,0.00000000,0.00000000,0.00000000
PhloemImport_C00015_I[K,c],0.00000000,0.00000000,0.00000000,0.00000192,0.00000000,0.00000185,0.00000000,0.00000180,0.00000000,0.00000356,0.00000000,0.00000180,0.00000000,1.50999368,0.00000000,0.00000000
PhloemImport_C00020_E[K,c],0.00000000,0.00000000,0.00000000,0.00000000,0.00000000,0.00000000,0.00000000,0.00000000,0.00000000,0.00000000,0.00000000,0.00000000,0.00000000,0.00000000,0.00000000,0.00000000
PhloemImport_C00020_I[K,c],0.00000000,0.00000000,0.00000000,0.00000000,0.00000000,0.00000000,0.00000000,0.00000000,0.00000000,0.00000000,0.00000000,0.00000000,0.00006689,0.00006596,0.00000000,0.00000000
PhloemImport_C00025[K,c],0.00473495,0.05558589,0.05502592,0.06143768,0.06695395,0.06345593,0.09881909,0.08895912,0.00000000,0.02267468,0.00000000,0.00000000,0.00000000,0.00013547,0.00000000,0.00000000
PhloemImport_C00031[K,c],0.00000000,0.00000000,0.00000000,0.00000000,0.00000000,0.00000000,0.00000000,0.00000000,0.00000000,0.00000000,0.00000000,0.00000000,0.00000000,0.00000000,0.00000000,0.00000000
PhloemImport_C00034[K,c],0.00000007,0.00000007,0.00000007,0.00000008,0.00000007,0.00000007,0.00000008,0.00000008,0.00000019,0.00000015,0.00000014,0.00000019,0.00000004,0.00000004,0.00000002,0.00000001
PhloemImport_C00035_E[K,c],0.00000000,0.00000000,0.00000000,0.00000000,0.00000000,0.00000000,0.00000000,0.00000000,0.00000000,0.00000000,0.00000000,0.00000000,0.00000000,0.00000000,0.00000000,0.00000000
PhloemImport_C00035_I[K,c],0.00000000,0.00000000,0.00000000,0.00000000,0.00000000,0.00000000,0.00000000,0.00000000,0.00000264,0.00000000,0.00000000,0.00000000,0.00000000,0.00000000,0.00000000,0.00000000
PhloemImport_C00037[K,c],0.00000000,0.00000000,0.00000000,0.00000000,0.00000000,0.00000000,0.00000000,0.00000000,0.00002516,0.00000000,0.00000000,0.00000000,0.00000000,0.00000000,0.00000000,0.00000000
PhloemImport_C00038[K,c],0.00000027,0.00000026,0.00000025,0.00000029,0.00000028,0.00000028,0.00000032,0.00000030,0.00000071,0.00000059,0.00000055,0.00000071,0.00000016,0.00000016,0.00000008,0.00000003
PhloemImport_C00041[K,c],0.00000000,0.00000000,0.00000000,0.00000000,0.00000000,0.00000000,0.00000000,0.00000000,0.00000000,0.00000000,0.00000000,0.00000000,0.00000000,0.00000000,0.00000000,0.00000000
PhloemImport_C00044_E[K,c],0.00000000,0.00000000,0.00000000,0.00000000,0.00000000,0.00000000,0.00000000,0.00000000,0.00000000,0.00000000,0.00000000,0.00000000,0.00000000,0.00000000,0.00000000,0.00000000
PhloemImport_C00044_I[K,c],0.00000000,0.00000011,0.00000093,0.00000000,0.00000000,0.00000105,0.00000000,0.00000000,0.00000000,0.00000000,0.00000000,0.00000266,0.00000000,0.00000000,0.00000000,0.00000000
PhloemImport_C00049[K,c],0.07868096,0.13593685,0.12932216,0.15510080,0.13569973,0.14424307,0.12997476,0.12323903,0.16936718,0.16738365,0.29012046,0.20494534,0.06993328,4.05698672,0.00000000,0.01546931
PhloemImport_C00055_E[K,c],0.00000000,0.00000000,0.00000000,0.00000000,0.00000000,0.00000000,0.00000000,0.00000000,0.00000000,0.00000000,0.00000000,0.00000000,0.00000000,0.00000000,0.00000000,0.00000000
PhloemImport_C00055_I[K,c],0.00000161,0.00000011,0.00000000,0.00000000,0.00000182,0.00000000,0.00000000,0.00000000,0.00000000,0.00000000,0.00000000,0.00000000,0.00000000,0.00000000,0.00000000,0.00000000
PhloemImport_C00059[K,c],0.00000000,0.00000000,0.00000000,0.00000000,0.00000000,0.00000000,0.00000000,0.00000000,0.00000000,0.00000000,0.00000000,0.00000000,0.00000000,0.00000000,0.00000000,0.00000000
PhloemImport_C00063_E[K,c],0.00000000,0.00000000,0.00000000,0.00000000,0.00000000,0.00000000,0.00000000,0.00000000,0.00000000,0.00000000,0.00000000,0.00000000,0.00000000,0.00000000,0.00000000,0.00000000
PhloemImport_C00063_I[K,c],0.00000000,0.00000000,0.00000000,0.00000000,0.00000000,0.00000000,0.00000000,0.00000000,0.00000251,0.00000000,0.00000000,0.00000000,0.00000000,0.00000000,0.00000000,0.00000000
PhloemImport_C00064[K,c],0.00014856,0.00000000,0.00000000,0.00000000,0.00000000,0.00000000,0.00000000,0.00000000,0.00039749,0.00000000,0.00000000,0.00000000,0.00008931,0.00000000,0.00004345,0.00000000
PhloemImport_C00065[K,c],0.00000000,0.00000000,0.00000000,0.00000000,0.00000000,0.00000000,0.00000000,0.00000000,0.02187814,0.00000000,0.00000000,0.02200293,0.00491437,0.00484886,0.00239052,0.00081389
PhloemImport_C00070[K,c],0.00000004,0.00000004,0.00000004,0.00000004,0.00000004,0.00000004,0.00000005,0.00000004,0.00000010,0.00000009,0.00000008,0.00000010,0.00000002,0.00000002,0.00000001,0.00000000
PhloemImport_C00073[K,c],0.00000000,0.00000000,0.00000000,0.00000000,0.00000000,0.00000000,0.00000000,0.00000000,0.00000000,0.00000000,0.00000000,0.00000000,0.00000000,0.00000000,0.00000000,0.00000000
PhloemImport_C00075_E[K,c],0.00000000,0.00000000,0.00000000,0.00000000,0.00000000,0.00000000,0.00000000,0.00000000,0.00000000,0.00000000,0.00000000,0.00000000,0.00000000,0.00000000,0.00000000,0.00000000
PhloemImport_C00075_I[K,c],0.00000000,0.00000000,0.00000101,0.00000000,0.00000000,0.00000000,0.00000210,0.00000000,0.00000179,0.00000000,0.00000138,0.00000000,0.00000000,0.00000000,0.00000000,0.00000000
PhloemImport_C00076[K,c],0.00000137,0.00000134,0.00000130,0.00000152,0.00000144,0.00000146,0.00000166,0.00000154,0.00000367,0.00000304,0.00000283,0.00000369,0.00000083,0.00000081,0.00000040,0.00000014
PhloemImport_C00079[K,c],0.00000119,0.00000116,0.00000112,0.00000131,0.00000124,0.00000126,0.00000144,0.00000133,0.00000317,0.00000263,0.00000244,0.00000319,0.00000000,1.42449871,0.05085651,0.00000000
PhloemImport_C00082[K,c],0.00000137,0.00000162,0.00000156,0.00000151,0.00000173,0.00000176,0.00000201,0.00000185,0.00000443,0.00000367,0.00000341,0.00000445,0.00000017,0.00000000,0.00000008,0.00000003
PhloemImport_C00089_I[K,c],1000.00000000,1000.00000000,1000.00000000,1000.00000000,1000.00000000,1000.00000000,1000.00000000,1000.00000000,1000.00000000,1000.00000000,1000.00000000,1000.00000000,1000.00000000,1000.00000000,1000.00000000,1000.00000000
PhloemImport_C00095[K,c],0.00000000,10.57622908,14.19050961,12.26243718,0.00000000,0.00000000,0.00000000,0.00000000,20.47690434,12.80720176,23.94940077,0.00000000,24.17989327,16.46278550,28.24632140,33.16576617
PhloemImport_C00097[K,c],0.00000000,0.00000000,0.00000000,0.00000000,0.00000000,0.00000000,0.00000000,0.00000000,0.00000000,0.00000000,0.00000000,-0.00000012,0.00000000,0.00000000,0.00000000,0.00000000
PhloemImport_C00105_E[K,c],0.00000000,0.00000000,0.00000000,0.00000000,0.00000000,0.00000000,0.00000000,0.00000000,0.00000000,0.00000000,0.00000000,0.00000000,0.00000000,0.00000000,0.00000000,0.00000000
PhloemImport_C00105_I[K,c],0.00000000,0.00000000,0.00000000,0.00000000,0.00000000,0.00000000,0.00000000,0.00000000,0.00000000,0.00000000,0.00000000,0.00000000,0.00000000,0.00000000,0.02920632,0.00000000
PhloemImport_C00112_E[K,c],0.00000000,0.00000000,0.00000000,0.00000000,0.00000000,0.00000000,0.00000000,0.00000000,0.00000000,0.00000000,0.00000000,0.00000000,0.00000000,0.00000000,0.00000000,0.00000000
PhloemImport_C00112_I[K,c],0.00000000,0.00000000,0.00000000,0.00000000,0.00000000,0.00000000,0.00000000,0.00000000,0.00000000,0.00000000,0.00000193,0.00000221,0.00000000,0.00000000,0.00000000,0.00000000
PhloemImport_C00123[K,c],999.92444278,999.92419234,999.92762186,999.91374154,999.92282616,999.91902204,999.92190448,999.92665473,999.82828370,999.83961811,999.92712467,999.85500270,999.92987767,998.52992253,999.94904994,1000.00000000
PhloemImport_C00130_E[K,c],0.00000000,0.00000000,0.00000000,0.00000000,0.00000000,0.00000000,0.00000000,0.00000000,0.00000000,0.00000000,0.00000000,0.00000000,0.00000000,0.00000000,0.00000000,0.00000000
PhloemImport_C00130_I[K,c],0.00000000,0.00000000,0.00000000,0.00000000,0.00000000,0.00000000,0.00000000,0.00000000,0.00000000,0.00000000,0.00000000,0.00000000,0.00000000,0.00000000,0.00000000,0.00000000
PhloemImport_C00135[K,c],1000.00000000,1000.00000000,1000.00000000,1000.00000000,1000.00000000,1000.00000000,1000.00000000,1000.00000000,1000.00000000,1000.00000000,1000.00000000,1000.00000000,1000.00000000,1000.00000000,1000.00000000,1000.00000000
PhloemImport_C00137_E[K,c],0.00000000,0.00000000,0.00000000,0.00000000,0.00000000,0.00000000,0.00000000,0.00000000,0.00000000,0.00000000,0.00000000,0.00000000,0.00000000,0.00000000,0.00000000,0.00000000
PhloemImport_C00137_I[K,c],0.00022142,0.00000000,0.00020912,0.00024468,0.00023204,0.00023595,0.00026837,0.00024774,0.00059245,0.00000000,0.00045601,0.00000000,0.00013312,0.00013135,0.00006476,0.00002205
PhloemImport_C00144_E[K,c],0.00000000,0.00000000,0.00000000,0.00000000,0.00000000,0.00000000,0.00000000,0.00000000,0.00000000,0.00000000,0.00000000,0.00000000,0.00000000,0.00000000,0.00000000,0.00000000
PhloemImport_C00144_I[K,c],0.00000011,0.00000000,0.00000000,0.00000109,0.00000103,0.00000000,0.00000120,0.00000110,0.00000000,0.00000219,0.00000203,0.00000000,0.00000000,0.00000000,0.00000000,0.00000000
PhloemImport_C00152[K,c],0.00000949,0.00000929,0.00000896,0.00001049,0.00000995,0.00001011,0.00001150,0.00001062,0.00002539,0.00002103,0.00001954,0.00002554,0.00000571,0.00000563,0.00000278,0.00000094
PhloemImport_C00188[K,c],0.00000000,0.00000000,0.00000000,0.00000000,0.00000000,0.00000000,0.00000000,0.00000000,0.00000000,0.00000000,0.00000000,0.00000000,0.00000000,0.00000000,0.00000000,0.00000000
PhloemImport_C00238[K,c],0.00000000,0.00000000,0.00000000,0.00000000,0.00000000,0.00000000,0.00000000,0.00000000,0.00000000,0.00000000,0.00000000,0.00000000,0.00000000,0.00000000,0.00000000,0.00000000
PhloemImport_C00283[K,c],0.00000000,0.00000000,0.00000000,0.00000000,0.00000000,0.00000000,0.00000000,0.00000000,0.00000000,0.00000000,0.00000000,0.00000000,0.00000000,0.00000000,0.00000000,0.00000000
PhloemImport_C00288[K,c],0.00000000,0.00000000,0.00000000,0.00000000,0.00000000,0.00000000,0.00000000,0.00000000,0.00000000,0.00000000,0.00000000,0.00000000,0.00000000,0.00000000,0.00000000,0.00000000
PhloemImport_C00305[K,c],0.00000000,0.00000000,0.00000000,0.00000000,0.00000000,0.00000000,0.00000000,0.00000000,0.00000000,0.00000000,0.00000000,0.00000000,0.00000000,0.00000000,0.00000000,0.00000000
PhloemImport_C00407[K,c],0.00000056,0.00000055,0.00000053,0.00000062,0.00000059,0.00000060,0.00000068,0.00000000,0.00000150,0.00000124,0.00000000,0.00000000,0.00000000,0.00000000,0.00000000,0.00000000
PhloemImport_C00698[K,c],0.00000000,0.00000000,0.00000000,0.00000000,0.00000000,0.00000000,0.00000000,0.00000000,0.00000000,0.00000000,0.00000000,0.00000000,0.00000000,0.00000000,0.00000000,0.00000000
PhloemImport_C00954[K,c],0.00000000,0.00000000,0.00000000,0.00000000,0.00000000,0.00000000,0.00000000,0.00000000,0.00000000,0.00000000,0.00000000,0.00000000,0.00000000,0.00000000,0.00000000,0.00000000
PhloemImport_C01330[K,c],0.00001197,0.00001171,0.00001130,0.00001322,0.00001254,0.00001275,0.00001450,0.00001339,0.00003202,0.00002652,0.00002464,0.00003220,0.00000719,0.00000710,0.00000350,0.00000119
PhloemImport_C03172[K,c],0.00023213,0.00022807,0.00021750,0.00025746,0.00024416,0.00024821,0.00028238,0.00025752,0.00062304,0.00051599,0.00047936,0.00062679,0.00013837,0.00013653,0.00006731,0.00002292
PhloemImport_C14818[K,c],0.00000038,0.00000037,0.00000036,0.00000042,0.00000040,0.00000041,0.00000046,0.00000043,0.00000102,0.00000085,0.00000079,0.00000103,0.00000023,0.00000023,0.00000011,0.00000004
PhloemTransport_C00001[K,c],0.00000000,0.00000000,0.00000000,0.00000000,0.00000000,0.00000000,0.00000000,0.00000000,0.00000000,0.00000000,0.00000000,0.00000000,0.00000000,0.00000000,0.00000000,0.00000000
PhloemTransport_C00002[K,c],0.00000000,0.00000000,0.00000000,0.00012257,0.00000000,0.00000000,0.00000000,0.00000000,0.00056681,0.00024585,0.00000000,0.00029923,0.00000000,0.00000000,0.00000000,0.00000000
PhloemTransport_C00008[K,c],0.00011092,0.00010858,0.00010478,0.00000000,0.00011624,0.00011820,0.00013444,0.00012411,0.00000000,0.00000000,0.00022901,0.00000000,0.00000000,0.00000000,0.04676864,0.00001536
PhloemTransport_C00015[K,c],0.00000000,0.00000000,0.00000000,0.00000192,0.00000000,0.00000185,0.00000000,0.00000180,0.00000000,0.00000356,0.00000000,0.00000180,0.00000000,1.50999368,0.00000000,0.00000000
PhloemTransport_C00020[K,c],0.00000000,0.00000000,0.00000000,0.00000000,0.00000000,0.00000000,0.00000000,0.00000000,0.00000000,0.00000000,0.00000000,0.00000000,0.00006689,0.00006596,0.00000000,0.00000000
PhloemTransport_C00025[K,c],0.00473495,0.05558589,0.05502592,0.06143768,0.06695395,0.06345593,0.09881909,0.08895912,0.00000000,0.02267468,0.00000000,0.00000000,0.00000000,0.00013547,0.00000000,0.00000000
PhloemTransport_C00031[K,c],0.00000000,0.00000000,0.00000000,0.00000000,0.00000000,0.00000000,0.00000000,0.00000000,0.00000000,0.00000000,0.00000000,0.00000000,0.00000000,0.00000000,0.00000000,0.00000000
PhloemTransport_C00034[K,c],0.00000007,0.00000007,0.00000007,0.00000008,0.00000007,0.00000007,0.00000008,0.00000008,0.00000019,0.00000015,0.00000014,0.00000019,0.00000004,0.00000004,0.00000002,0.00000001
PhloemTransport_C00035[K,c],0.00000000,0.00000000,0.00000000,0.00000000,0.00000000,0.00000000,0.00000000,0.00000000,0.00000264,0.00000000,0.00000000,0.00000000,0.00000000,0.00000000,0.00000000,0.00000000
PhloemTransport_C00037[K,c],0.00000000,0.00000000,0.00000000,0.00000000,0.00000000,0.00000000,0.00000000,0.00000000,0.00002516,0.00000000,0.00000000,0.00000000,0.00000000,0.00000000,0.00000000,0.00000000
PhloemTransport_C00038[K,c],0.00000027,0.00000026,0.00000025,0.00000029,0.00000028,0.00000028,0.00000032,0.00000030,0.00000071,0.00000059,0.00000055,0.00000071,0.00000016,0.00000016,0.00000008,0.00000003
PhloemTransport_C00041[K,c],0.00000000,0.00000000,0.00000000,0.00000000,0.00000000,0.00000000,0.00000000,0.00000000,0.00000000,0.00000000,0.00000000,0.00000000,0.00000000,0.00000000,0.00000000,0.00000000
PhloemTransport_C00044[K,c],0.00000000,0.00000011,0.00000093,0.00000000,0.00000000,0.00000105,0.00000000,0.00000000,0.00000000,0.00000000,0.00000000,0.00000266,0.00000000,0.00000000,0.00000000,0.00000000
PhloemTransport_C00049[K,c],0.07868096,0.13593685,0.12932216,0.15510080,0.13569973,0.14424307,0.12997476,0.12323903,0.16936718,0.16738365,0.29012046,0.20494534,0.06993328,4.05698672,0.00000000,0.01546931
PhloemTransport_C00055[K,c],0.00000161,0.00000011,0.00000000,0.00000000,0.00000182,0.00000000,0.00000000,0.00000000,0.00000000,0.00000000,0.00000000,0.00000000,0.00000000,0.00000000,0.00000000,0.00000000
PhloemTransport_C00059[K,c],0.00000000,0.00000000,0.00000000,0.00000000,0.00000000,0.00000000,0.00000000,0.00000000,0.00000000,0.00000000,0.00000000,0.00000000,0.00000000,0.00000000,0.00000000,0.00000000
PhloemTransport_C00063[K,c],0.00000000,0.00000000,0.00000000,0.00000000,0.00000000,0.00000000,0.00000000,0.00000000,0.00000251,0.00000000,0.00000000,0.00000000,0.00000000,0.00000000,0.00000000,0.00000000
PhloemTransport_C00064[K,c],0.00014856,0.00000000,0.00000000,0.00000000,0.00000000,0.00000000,0.00000000,0.00000000,0.00039749,0.00000000,0.00000000,0.00000000,0.00008931,0.00000000,0.00004345,0.00000000
PhloemTransport_C00065[K,c],0.00000000,0.00000000,0.00000000,0.00000000,0.00000000,0.00000000,0.00000000,0.00000000,0.02187814,0.00000000,0.00000000,0.02200293,0.00491437,0.00484886,0.00239052,0.00081389
PhloemTransport_C00070[K,c],0.00000004,0.00000004,0.00000004,0.00000004,0.00000004,0.00000004,0.00000005,0.00000004,0.00000010,0.00000009,0.00000008,0.00000010,0.00000002,0.00000002,0.00000001,0.00000000
PhloemTransport_C00073[K,c],0.00000000,0.00000000,0.00000000,0.00000000,0.00000000,0.00000000,0.00000000,0.00000000,0.00000000,0.00000000,0.00000000,0.00000000,0.00000000,0.00000000,0.00000000,0.00000000
PhloemTransport_C00075[K,c],0.00000000,0.00000000,0.00000101,0.00000000,0.00000000,0.00000000,0.00000210,0.00000000,0.00000179,0.00000000,0.00000138,0.00000000,0.00000000,0.00000000,0.00000000,0.00000000
PhloemTransport_C00076[K,c],0.00000137,0.00000134,0.00000130,0.00000152,0.00000144,0.00000146,0.00000166,0.00000154,0.00000367,0.00000304,0.00000283,0.00000369,0.00000083,0.00000081,0.00000040,0.00000014
PhloemTransport_C00079[K,c],0.00000119,0.00000116,0.00000112,0.00000131,0.00000124,0.00000126,0.00000144,0.00000133,0.00000317,0.00000263,0.00000244,0.00000319,0.00000000,1.42449871,0.05085651,0.00000000
PhloemTransport_C00082[K,c],0.00000137,0.00000162,0.00000156,0.00000151,0.00000173,0.00000176,0.00000201,0.00000185,0.00000443,0.00000367,0.00000341,0.00000445,0.00000017,0.00000000,0.00000008,0.00000003
PhloemTransport_C00089[K,c],1000.00000000,1000.00000000,1000.00000000,1000.00000000,1000.00000000,1000.00000000,1000.00000000,1000.00000000,1000.00000000,1000.00000000,1000.00000000,1000.00000000,1000.00000000,1000.00000000,1000.00000000,1000.00000000
PhloemTransport_C00095[K,c],0.00000000,10.57622908,14.19050961,12.26243718,0.00000000,0.00000000,0.00000000,0.00000000,20.47690434,12.80720176,23.94940077,0.00000000,24.17989327,16.46278550,28.24632140,33.16576617
PhloemTransport_C00097[K,c],0.00000000,0.00000000,0.00000000,0.00000000,0.00000000,0.00000000,0.00000000,0.00000000,0.00000000,0.00000000,0.00000000,-0.00000012,0.00000000,0.00000000,0.00000000,0.00000000
PhloemTransport_C00105[K,c],0.00000000,0.00000000,0.00000000,0.00000000,0.00000000,0.00000000,0.00000000,0.00000000,0.00000000,0.00000000,0.00000000,0.00000000,0.00000000,0.00000000,0.02920632,0.00000000
PhloemTransport_C00112[K,c],0.00000000,0.00000000,0.00000000,0.00000000,0.00000000,0.00000000,0.00000000,0.00000000,0.00000000,0.00000000,0.00000193,0.00000221,0.00000000,0.00000000,0.00000000,0.00000000
PhloemTransport_C00123[K,c],999.92444278,999.92419234,999.92762186,999.91374154,999.92282616,999.91902204,999.92190448,999.92665473,999.82828370,999.83961811,999.92712467,999.85500270,999.92987767,998.52992253,999.94904994,1000.00000000
PhloemTransport_C00130[K,c],0.00000000,0.00000000,0.00000000,0.00000000,0.00000000,0.00000000,0.00000000,0.00000000,0.00000000,0.00000000,0.00000000,0.00000000,0.00000000,0.00000000,0.00000000,0.00000000
PhloemTransport_C00135[K,c],1000.00000000,1000.00000000,1000.00000000,1000.00000000,1000.00000000,1000.00000000,1000.00000000,1000.00000000,1000.00000000,1000.00000000,1000.00000000,1000.00000000,1000.00000000,1000.00000000,1000.00000000,1000.00000000
PhloemTransport_C00137[K,c],0.00022142,0.00000000,0.00020912,0.00024468,0.00023204,0.00023595,0.00026837,0.00024774,0.00059245,0.00000000,0.00045601,0.00000000,0.00013312,0.00013135,0.00006476,0.00002205
PhloemTransport_C00144[K,c],0.00000011,0.00000000,0.00000000,0.00000109,0.00000103,0.00000000,0.00000120,0.00000110,0.00000000,0.00000219,0.00000203,0.00000000,0.00000000,0.00000000,0.00000000,0.00000000
PhloemTransport_C00152[K,c],0.00000949,0.00000929,0.00000896,0.00001049,0.00000995,0.00001011,0.00001150,0.00001062,0.00002539,0.00002103,0.00001954,0.00002554,0.00000571,0.00000563,0.00000278,0.00000094
PhloemTransport_C00188[K,c],0.00000000,0.00000000,0.00000000,0.00000000,0.00000000,0.00000000,0.00000000,0.00000000,0.00000000,0.00000000,0.00000000,0.00000000,0.00000000,0.00000000,0.00000000,0.00000000
PhloemTransport_C00283[K,c],0.00000000,0.00000000,0.00000000,0.00000000,0.00000000,0.00000000,0.00000000,0.00000000,0.00000000,0.00000000,0.00000000,0.00000000,0.00000000,0.00000000,0.00000000,0.00000000
PhloemTransport_C00288[K,c],0.00000000,0.00000000,0.00000000,0.00000000,0.00000000,0.00000000,0.00000000,0.00000000,0.00000000,0.00000000,0.00000000,0.00000000,0.00000000,0.00000000,0.00000000,0.00000000
PhloemTransport_C00407[K,c],0.00000056,0.00000055,0.00000053,0.00000062,0.00000059,0.00000060,0.00000068,0.00000000,0.00000150,0.00000124,0.00000000,0.00000000,0.00000000,0.00000000,0.00000000,0.00000000
PhloemTransport_C00698[K,c],0.00000000,0.00000000,0.00000000,0.00000000,0.00000000,0.00000000,0.00000000,0.00000000,0.00000000,0.00000000,0.00000000,0.00000000,0.00000000,0.00000000,0.00000000,0.00000000
PhloemTransport_C00954[K,c],0.00000000,0.00000000,0.00000000,0.00000000,0.00000000,0.00000000,0.00000000,0.00000000,0.00000000,0.00000000,0.00000000,0.00000000,0.00000000,0.00000000,0.00000000,0.00000000
PhloemTransport_C01330[K,c],0.00001197,0.00001171,0.00001130,0.00001322,0.00001254,0.00001275,0.00001450,0.00001339,0.00003202,0.00002652,0.00002464,0.00003220,0.00000719,0.00000710,0.00000350,0.00000119
PhloemTransport_C03172[K,c],0.00023213,0.00022807,0.00021750,0.00025746,0.00024416,0.00024821,0.00028238,0.00025752,0.00062304,0.00051599,0.00047936,0.00062679,0.00013837,0.00013653,0.00006731,0.00002292
PhloemTransport_C14818[K,c],0.00000038,0.00000037,0.00000036,0.00000042,0.00000040,0.00000041,0.00000046,0.00000043,0.00000102,0.00000085,0.00000079,0.00000103,0.00000023,0.00000023,0.00000011,0.00000004
