DAP,Reaction
18,MR00024[K,p]
18,MR00104[K,p]
18,MR00186[K,m]
18,MR00188[K,c]
18,MR00285[K,c]
18,MR00348[K,c]
18,MR00676[K,p]
18,MR00681[K,p]
18,MR00682[K,p]
18,MR00684[K,p]
18,MR00687[K,p]
18,MR00696[K,m]
18,MR00699[K,p]
18,MR00732[K,p]
18,MR00747_mod[K,x]
18,MR00856[K,c]
18,MR00856[K,p]
18,R00004[K,p]
18,R00009[K,x]
18,R00100[K,p]
18,R00115[K,p]
18,R00124[K,m]
18,R00124[K,p]
18,R00127[K,c]
18,R00127[K,p]
18,R00131[K,x]
18,R00156[K,p]
18,R00177[K,c]
18,R00185[K,p]
18,R00190[K,c]
18,R00192[K,c]
18,R00192[K,p]
18,R00200[K,p]
18,R00216[K,c]
18,R00216[K,m]
18,R00224[K,c]
18,R00239_mod[K,m]
18,R00248[K,c]
18,R00253[K,p]
18,R00258[K,c]
18,R00259[K,p]
18,R00267_mod[K,m]
18,R00281[K,m]
18,R00281[K,p]
18,R00289[K,p]
18,R00291[K,p]
18,R00307[K,c]
18,R00342[K,c]
18,R00342[K,p]
18,R00342[K,x]
18,R00351[K,c]
18,R00355[K,c]
18,R00355[K,p]
18,R00480[K,p]
18,R00512[K,c]
18,R00529[K,p]
18,R00570[K,c]
18,R00570[K,p]
18,R00573[K,p]
18,R00610[K,p]
18,R00658[K,c]
18,R00667[K,m]
18,R00667[K,p]
18,R00669[K,p]
18,R00715[K,c]
18,R00734[K,c]
18,R00751[K,c]
18,R00754[K,c]
18,R00754[K,p]
18,R00764[K,c]
18,R00769[K,c]
18,R00770[K,c]
18,R00771[K,c]
18,R00772[K,c]
18,R00801[K,c]
18,R00840[K,c]
18,R00883[K,c]
18,R00888[K,c]
18,R00924[K,m]
18,R00924[K,x]
18,R00948[K,p]
18,R00959[K,p]
18,R00970[K,c]
18,R00996[K,p]
18,R01015[K,c]
18,R01015[K,p]
18,R01049[K,c]
18,R04779[K,c]
18,R01070[K,c]
18,R01061[K,c]
18,R01061[K,p]
18,R01067[K,p]
18,R01068[K,c]
18,R01090[K,p]
18,R01121[K,c]
18,R01123[K,p]
18,R01138[K,c]
18,R01185[K,c]
18,R01210[K,m]
18,R01213[K,p]
18,R01214[K,m]
18,R01214[K,p]
18,R01251[K,p]
18,R01253[K,m]
18,R01280[K,p]
18,R01325[K,m]
18,R01384[K,c]
18,R01385[K,c]
18,R01512[K,c]
18,R01512[K,p]
18,R01513[K,p]
18,R01518[K,c]
18,R01549[K,c]
18,R01560[K,p]
18,R01615[K,c]
18,R01616[K,c]
18,R01641[K,p]
18,R01663[K,p]
18,R01665[K,p]
18,R01714[K,c]
18,R01768[K,p]
18,R01818[K,c]
18,R01826[K,p]
18,R01900_mod[K,m]
18,R01933[K,m]
18,R01942[K,c]
18,R01975[K,x]
18,R01978[K,c]
18,R02003[K,p]
18,R02017[K,c]
18,R02037[K,c]
18,R02061[K,p]
18,R02082[K,c]
18,R02094[K,p]
18,R02101[K,p]
18,R02106[K,x]
18,R02110[K,p]
18,R02193[K,c]
18,R02199[K,p]
18,R02245[K,c]
18,R02291[K,p]
18,R02292[K,p]
18,R02313[K,c]
18,R02317[K,c]
18,R02327[K,c]
18,R02412[K,m]
18,R02421[K,p]
18,R02425[K,x]
18,R02487[K,x]
18,R02521[K,c]
18,R02596[K,c]
18,R02649[K,p]
18,R02735[K,p]
18,R02814[K,p]
18,R02853_mod[K,p]
18,R03026[K,x]
18,R03083[K,p]
18,R03084[K,p]
18,R03245[K,c]
18,R03313_mod[K,m]
18,R03354[K,p]
18,R03355[K,p]
18,R03443[K,p]
18,R03460[K,c]
18,R03824[K,p]
18,R03919[K,c]
18,R03928[K,c]
18,R03968[K,c]
18,R04007[K,c]
18,R04173[K,p]
18,R04224[K,x]
18,R04342[K,c]
18,R04426[K,m]
18,R04440[K,p]
18,R04441[K,p]
18,R04566[K,p]
18,R04724[K,p]
18,R04798[K,p]
18,R04801[K,p]
18,R04803[K,p]
18,R04952[K,p]
18,R04958[K,p]
18,R04960[K,p]
18,R04963[K,p]
18,R04968[K,p]
18,R04969[K,p]
18,R05064[K,m]
18,R05066[K,m]
18,R05070[K,p]
18,R05692[K,c]
18,R05717[K,p]
18,R05775[K,p]
18,R06868[K,c]
18,R06870[K,c]
18,R06960[K,p]
18,R06962[K,p]
18,R07135[K,c]
18,R07236[K,p]
18,R07381[K,c]
18,R07384[K,c]
18,R07432[K,c]
18,R07500[K,p]
18,R07501[K,p]
18,R07502[K,p]
18,R07613[K,p]
18,R07763[K,p]
18,R07764[K,p]
18,R07765[K,p]
18,R08162[K,p]
18,R08163[K,p]
18,R08575[K,p]
18,R08648_mod[K,p]
18,R10092[K,p]
18,Trans19[K]
18,Trans6[K]
18,16:0-16:0-PGdegradation[K]
18,16:0/16:0-PEdegradation[K]
18,16:0/18:0-DGDGdegradation[K]
18,16:0/18:0-PCdegradation[K]
18,16:0/18:0-SQDGdegradation[K]
18,16:0/18:1-SQDGdegradation[K]
18,16:0/18:2-PCdegradation[K]
18,16:0/18:2-PEdegradation[K]
18,16:0/18:2-SQDGdegradation[K]
18,16:0/18:3-DGDGdegradation[K]
18,16:0/18:3-PEdegradation[K]
18,16:0/18:3-SQDGdegradation[K]
18,18:0/18:0-MGDGdegradation[K]
18,18:1/18:1-DGDGdegradation[K]
18,18:1/18:1-MGDGdegradation[K]
18,18:1/18:1-PCdegradation[K]
18,18:2/18:2-PCdegradation[K]
18,18:2/18:3-DGDGdegradation[K]
18,18:3/18:2-MGDGdegradation[K]
18,18:3/18:3-MGDGdegradation[K]
18,18:3/18:3-PCdegradation[K]
18,Exe19[K]
18,Exe6[K]
18,Exe9[K]
18,Exe4[K]
18,ExB_C00001[K]
18,ExB_C00002[K]
18,ExB_C00008[K]
18,ExB_C00080[K]
18,ExB_C00009[K]
18,ExB_C00025[K]
18,ExB_C00031[K]
18,ExB_C00037[K]
18,ExB_C00041[K]
18,ExB_C00044[K]
18,ExB_C00047[K]
18,ExB_C00049[K]
18,ExB_C00063[K]
18,ExB_C00064[K]
18,ExB_C00073[K]
18,ExB_C00075[K]
18,ExB_C00079[K]
18,ExB_C00082[K]
18,ExB_C00089[K]
18,ExB_C00095[K]
18,ExB_C00097[K]
18,ExB_C00123[K]
18,ExB_C00124[K]
18,ExB_C00131[K]
18,ExB_C00135[K]
18,ExB_C00152[K]
18,ExB_C00159[K]
18,ExB_C00181[K]
18,ExB_C00183[K]
18,ExB_C00188[K]
18,ExB_C00249[K]
18,ExB_C00259[K]
18,ExB_C00286[K]
18,ExB_C00407[K]
18,ExB_C00458[K]
18,ExB_C00459[K]
18,ExB_C00712[K]
18,ExB_C00740[K]
18,ExB_C06098[K]
18,ExB_C08601[K]
18,ExB_C01494[K]
18,ExB_C01530[K]
18,ExB_C01595[K]
18,ExB_C02094[K]
18,ExB_C02477[K]
18,ExB_C02483[K]
18,ExB_C06427[K]
18,ExB_C08362[K]
18,ExB_C08591[K]
18,ExB_C15804[K]
18,ExB_C15805[K]
18,ExB_C15806[K]
18,ExB_C00369[K]
18,ExB_C00238[K]
18,ExB_C00305[K]
18,ExB_C00076[K]
18,ExB_C00038[K]
18,ExB_C00034[K]
18,ExB_C00070[K]
18,MR00121[K,p]
18,MR00462[K,c]
18,MR00557[K,p]
18,MR00558[K,p]
18,MR00663[K,m]
18,MR01076[K,p]
18,MR01078[K,p]
18,MR01079[K,p]
18,MR01081[K,c]
18,MR01084[K,p]
18,MR01085[K,c]
18,MR01085[K,p]
18,MR01087[K,p]
18,MR01088[K,c]
18,MR01092[K,c]
18,MR01092[K,p]
18,MR01093[K,p]
18,MR01094[K,c]
18,MR01094[K,p]
18,MR01095[K,c]
18,MR01096[K,c]
18,MR01096[K,p]
18,MR01098[K,p]
18,MR01099[K,c]
18,MR01099[K,p]
18,MR01102[K,c]
18,MR01104[K,c]
18,MR01104[K,p]
18,MR01105[K,p]
18,MR01106[K,c]
18,MR01107[K,p]
18,MR01109[K,p]
18,MR01110[K,p]
18,MR01111[K,p]
18,MR01112[K,p]
18,MR01122[K,p]
18,MR01127[K,p]
18,MR01129[K,p]
18,MR01132[K,p]
18,MR01135[K,c]
18,MR01136[K,c]
18,MR01137[K,c]
18,MR01139[K,c]
18,MR01142[K,c]
18,MR01143[K,p]
18,MR01147[K,p]
18,MR01148[K,p]
18,MR01156[K,p]
18,MR01157[K,p]
18,MR01158[K,p]
18,MR01159[K,p]
18,MR01163[K,c]
18,MR01168[K,c]
18,MR01202[K,c]
18,MR01211[K,c]
18,MR01220[K,c]
18,MR01237[K,p]
18,MR01238[K,c]
18,MR01240[K,c]
18,MR01245[K,c]
18,MR01284[K,c]
18,MR01288[K,c]
18,R00210[K,p]
18,R00211[K,c]
18,R00326[K,p]
18,R00326[K,c]
18,R00338[K,c]
18,R00367[K,p]
18,R00466[K,c]
18,R00776[K,x]
18,R00844[K,p]
18,R00864[K,p]
18,R00932[K,x]
18,R00935[K,m]
18,R01016[K,c]
18,R01057[K,p]
18,R01058[K,c]
18,R01302[K,c]
18,R01302[K,p]
18,R01308[K,c]
18,R01308[K,p]
18,R01433[K,c]
18,R01561[K,c]
18,R01621[K,c]
18,R01626[K,p]
18,R01652[K,p]
18,R01658[K,p]
18,R01706[K,p]
18,R01863[K,p]
18,R01875[K,p]
18,R01939[K,c]
18,R01945[K,c]
18,R02063[K,p]
18,R02222[K,p]
18,R02283[K,p]
18,R02423[K,x]
18,R02636[K,c]
18,R03314[K,m]
18,R03314[K,p]
18,R03370[K,p]
18,R03533[K,p]
18,R03918[K,c]
18,R04198[K,p]
18,R04428[K,p]
18,R04429[K,p]
18,R04533[K,p]
18,R04534[K,p]
18,R04535[K,p]
18,R04536[K,p]
18,R04537[K,p]
18,R04543[K,p]
18,R04544[K,p]
18,R04568[K,p]
18,R04953[K,p]
18,R04954[K,p]
18,R04955[K,p]
18,R04962[K,p]
18,R04964[K,p]
18,R04965[K,p]
18,R04967[K,p]
18,R05071[K,p]
18,R05554[K,x]
18,R06601[K,x]
18,R06604[K,x]
18,R06847[K,p]
18,R06869[K,c]
18,R06961[K,p]
18,R07226[K,c]
18,R07437[K,c]
18,R07558[K,p]
18,R07826[K,p]
18,R07850[K,p]
18,R07851[K,p]
18,R08161[K,p]
18,R09093[K,p]
18,cmTransport_C00001[K]
18,cmTransport_C00010[K]
18,cmTransport_C00011[K]
18,cmTransport_C00022[K]
18,cmTransport_C00026[K]
18,cmTransport_C00077[K]
18,cmTransport_C00183[K]
18,cmTransport_C00322[K]
18,cmTransport_C00493[K]
18,cmTransport_C00527[K]
18,cmTransport_C00894[K]
18,cmTransport_C03175[K]
18,cmTransport_C03460[K]
18,cmTransport_C04236[K]
18,cmTransport_C04411[K]
18,cmTransport_C06000[K]
18,cmTransport_C00149[K]
18,cpTransport_C00668[K]
18,cpTransport_C00001[K]
18,cpTransport_C00011[K]
18,cpTransport_C00019[K]
18,cpTransport_C00024[K]
18,cpTransport_C00025[K]
18,cpTransport_C00026[K]
18,cpTransport_C00036[K]
18,cpTransport_C00059[K]
18,cpTransport_C00074[K]
18,cpTransport_C00077[K]
18,cpTransport_C00111[K]
18,cpTransport_C00123[K]
18,cpTransport_C00124[K]
18,cpTransport_C00129[K]
18,cpTransport_C00148[K]
18,cpTransport_C00149[K]
18,cpTransport_C00155[K]
18,cpTransport_C00183[K]
18,cpTransport_C00212[K]
18,cpTransport_C00236[K]
18,cpTransport_C00279[K]
18,cpTransport_C00385[K]
18,cpTransport_C00493[K]
18,cpTransport_C00620[K]
18,cpTransport_C00740[K]
18,cpTransport_C01197[K]
18,cpTransport_C01595[K]
18,cpTransport_C02477[K]
18,cpTransport_C02504[K]
18,cpTransport_C04236[K]
18,cpTransport_C06427[K]
18,cpTransport_C00010[K]
18,cpTransport_C00047[K]
18,cpTransport_C00075[K]
18,cpTransport_C00188[K]
18,cpTransport_C00249[K]
18,cpTransport_C00369[K]
18,cpTransport_C00407[K]
18,cpTransport_C00412[K]
18,cpTransport_C00469[K]
18,cpTransport_C00544[K]
18,cpTransport_C02050[K]
18,cpTransport_C08362[K]
18,cpTransport_C16162[K]
18,cpTransport_MC00926[K]
18,cpTransport_MC00930[K]
18,cpTransport_MC00931[K]
18,cpTransport_MC00933[K]
18,cpTransport_MC00936[K]
18,cpTransport_MC00937[K]
18,cpTransport_MC00942[K]
18,cpTransport_MC00943[K]
18,cpTransport_MC00944[K]
18,cpTransport_MC00945[K]
18,cpTransport_MC00946[K]
18,cpTransport_MC00995[K]
18,cpTransport_MC00996[K]
18,cpTransport_MC01040[K]
18,cpTransport_MC01041[K]
18,cxTransport_C00001[K]
18,cxTransport_C00010[K]
18,cxTransport_C00011[K]
18,cxTransport_C00014[K]
18,cxTransport_C00026[K]
18,cxTransport_C00027[K]
18,cxTransport_C00036[K]
18,cxTransport_C00048[K]
18,cxTransport_C00149[K]
18,cxTransport_C00332[K]
18,cxTransport_C00385[K]
18,cxTransport_C00527[K]
18,cxTransport_C00894[K]
18,cxTransport_C03460[K]
18,cxTransport_C06000[K]
18,Trans9[K]
18,Trans4[K]
18,Exchange_160SQDG[K,L]
18,Exchange_160PE[K,L]
18,Exchange_183PE[K,L]
18,Exchange_C00025[K,L]
18,Exchange_C00031[K,L]
18,Exchange_C00073[K,L]
18,Exchange_C00123[K,L]
18,Exchange_C00131[K,L]
18,PhloemTransport_C00049[K,c]
18,PhloemImport_C00049[K,c]
18,PhloemTransport_C00064[K,c]
18,PhloemImport_C00064[K,c]
18,PhloemTransport_C00089[K,c]
18,PhloemImport_C00089_I[K,c]
18,PhloemTransport_C00152[K,c]
18,PhloemImport_C00152[K,c]
18,PhloemTransport_C00038[K,c]
18,PhloemImport_C00038[K,c]
18,PhloemTransport_C00034[K,c]
18,PhloemImport_C00034[K,c]
18,PhloemTransport_C00076[K,c]
18,PhloemImport_C00076[K,c]
18,PhloemTransport_C01330[K,c]
18,PhloemImport_C01330[K,c]
18,PhloemTransport_C14818[K,c]
18,PhloemImport_C14818[K,c]
18,PhloemImport_C00015_I[K,c]
18,PhloemImport_C00063_I[K,c]
18,PhloemImport_C00002_I[K,c]
18,PhloemTransport_C00044[K,c]
18,PhloemImport_C00044_I[K,c]
18,PhloemTransport_C00065[K,c]
18,PhloemImport_C00065[K,c]
18,PhloemTransport_C03172[K,c]
18,PhloemImport_C03172[K,c]
18,PhloemTransport_C00097[K,c]
18,PhloemImport_C00097[K,c]
18,PhloemTransport_C00135[K,c]
18,PhloemImport_C00135[K,c]
18,biooutseed[K]
18,R02020[K,c]
18,R01817[K,c]
18,R02167[K,c]
18,ExB_C14818[K]
18,ExB_C01330[K]
18,R03366[K,c]
18,ExB_C00811[K]
18,R06576[K,c]
18,R06572[K,c]
18,R02593[K,c]
18,ExB_C00148[K]
18,R02437[K,c]
18,R03014[K,c]
18,R02263[K,c]
18,R02260[K,c]
18,ExB_C00507[K]
18,ExB_C01019[K]
18,MR01324[K,c]
