Rank,Reaction,Composite_Score,N_Screens,N_DAPs,Max_Fold_Change,OE_Hits,KO_Hits,MIM_Hits,FSEOF_Hits,Screen_Types,DAPs_Hit
1,Exe2[K],4.666849,1,1,46434.425429,0,1,0,0,KO,18
2,Trans2[K],4.666849,1,1,46434.425429,0,1,0,0,KO,18
3,cpTransport_C00007[K],4.370525,1,1,23469.653614,0,1,0,0,KO,18
4,R00216[K,p],4.210445,1,1,16233.714567,0,1,0,0,KO,18
5,R00282[K,c],1.463910,1,1,28.101114,0,1,0,0,KO,18
6,cpTransport_C00712[K],0.642972,2,1,1.096456,1,1,0,0,KO+OE,18
7,R00342[K,p],0.642971,2,1,1.096455,1,0,1,0,MIM+OE,18
8,MR01165[K,c],0.321486,1,1,1.096459,0,1,0,0,KO,18
9,18:1/18:1-PEdegradation[K],0.321486,1,1,1.096458,0,1,0,0,KO,18
10,MR01102[K,p],0.321486,1,1,1.096456,0,1,0,0,KO,18
11,MR01164[K,c],0.321486,1,1,1.096456,0,1,0,0,KO,18
12,MR00558[K,p],0.321486,1,1,1.096456,1,0,0,0,OE,18
13,R00936[K,p],0.321486,1,1,1.096456,0,1,0,0,KO,18
14,R02103[K,x],0.321486,1,1,1.096456,0,1,0,0,KO,18
15,MR01144[K,p],0.321486,1,1,1.096456,0,1,0,0,KO,18
16,MR01146[K,p],0.321486,1,1,1.096456,0,1,0,0,KO,18
17,cpTransport_C00251[K],0.321486,1,1,1.096456,0,1,0,0,KO,18
18,cpTransport_C00154[K],0.321486,1,1,1.096456,0,1,0,0,KO,18
19,PhloemTransport_C00082[K,c],0.321486,1,1,1.096456,0,1,0,0,KO,18
20,PhloemImport_C00082[K,c],0.321486,1,1,1.096456,0,1,0,0,KO,18
21,PhloemTransport_C00079[K,c],0.321486,1,1,1.096456,0,1,0,0,KO,18
22,PhloemImport_C00079[K,c],0.321486,1,1,1.096456,0,1,0,0,KO,18
23,MR01086[K,p],0.321486,1,1,1.096456,0,1,0,0,KO,18
24,MR01091[K,p],0.321486,1,1,1.096456,0,1,0,0,KO,18
25,MR01103[K,c],0.321486,1,1,1.096456,0,1,0,0,KO,18
26,MR01106[K,p],0.321486,1,1,1.096456,0,1,0,0,KO,18
27,R04001[K,c],0.321486,1,1,1.096456,0,1,0,0,KO,18
28,R00014[K,p],0.321486,1,1,1.096456,0,1,0,0,KO,18
29,MR01101[K,c],0.321486,1,1,1.096456,0,1,0,0,KO,18
30,R01251_mod[K,m],0.321486,1,1,1.096456,0,1,0,0,KO,18
31,MR01162[K,c],0.321486,1,1,1.096456,0,1,0,0,KO,18
32,18:3-16:1t-PGdegradation[K],0.321486,1,1,1.096456,0,1,0,0,KO,18
33,R01308[K,p],0.321486,1,1,1.096456,1,0,0,0,OE,18
34,16:0-18:0-PGdegradation[K],0.321486,1,1,1.096456,0,1,0,0,KO,18
35,16:0-18:1-PGdegradation[K],0.321486,1,1,1.096456,0,1,0,0,KO,18
36,R01280[K,p],0.321486,1,1,1.096456,1,0,0,0,OE,18
37,R00248[K,p],0.321486,1,1,1.096456,0,1,0,0,KO,18
38,MR01101[K,p],0.321486,1,1,1.096456,0,1,0,0,KO,18
39,MR01235[K,p],0.321486,1,1,1.096456,0,1,0,0,KO,18
40,R00299[K,c],0.321486,1,1,1.096456,0,1,0,0,KO,18
41,R00512[K,c],0.321486,1,1,1.096456,1,0,0,0,OE,18
42,R00883[K,c],0.321486,1,1,1.096456,1,0,0,0,OE,18
43,R01015[K,c],0.321486,1,1,1.096456,1,0,0,0,OE,18
44,R00844[K,p],0.321486,1,1,1.096456,1,0,0,0,OE,18
45,R02092[K,p],0.321486,1,1,1.096456,1,0,0,0,OE,18
46,PhloemImport_C00055_E[K,c],0.321486,1,1,1.096456,1,0,0,0,OE,18
47,PhloemImport_C00130_E[K,c],0.321486,1,1,1.096456,1,0,0,0,OE,18
48,MR00348[K,p],0.321486,1,1,1.096456,0,1,0,0,KO,18
49,R02740[K,c],0.321486,1,1,1.096456,0,1,0,0,KO,18
50,cpTransport_C00093[K],0.321486,1,1,1.096456,0,1,0,0,KO,18
51,PhloemTransport_C00015[K,c],0.321486,1,1,1.096456,0,1,0,0,KO,18
52,PhloemTransport_C00002[K,c],0.321486,1,1,1.096456,0,1,0,0,KO,18
53,R02738[K,c],0.321486,1,1,1.096456,0,1,0,0,KO,18
54,R00211[K,p],0.321486,1,1,1.096456,0,1,0,0,KO,18
55,PhloemTransport_C00063[K,c],0.321486,1,1,1.096456,0,1,0,0,KO,18
56,R00667[K,m],0.321486,1,1,1.096456,1,0,0,0,OE,18
57,Exe3[K],0.321486,1,1,1.096456,1,0,0,0,OE,18
58,cmTransport_C00158[K],0.321486,1,1,1.096456,0,1,0,0,KO,18
59,MR01087[K,c],0.321486,1,1,1.096456,0,1,0,0,KO,18
60,MR01093[K,c],0.321486,1,1,1.096456,0,1,0,0,KO,18
61,cmTransport_C00009[K],0.321486,1,1,1.096456,0,1,0,0,KO,18
62,R00351[K,m],0.321486,1,1,1.096456,1,0,0,0,OE,18
63,R00756[K,p],0.321486,1,1,1.096456,1,0,0,0,OE,18
64,R01866[K,p],0.321486,1,1,1.096456,1,0,0,0,OE,18
65,R02734[K,p],0.321486,1,1,1.096456,1,0,0,0,OE,18
66,PhloemTransport_C00188[K,c],0.321486,1,1,1.096456,1,0,0,0,OE,18
67,MR00422[K,p],0.321486,1,1,1.096456,0,0,1,0,MIM,18
68,R00009[K,p],0.321486,1,1,1.096456,1,0,0,0,OE,18
69,R00259[K,p],0.321486,1,1,1.096456,1,0,0,0,OE,18
70,R00586[K,p],0.321486,1,1,1.096456,1,0,0,0,OE,18
71,R00801[K,c],0.321486,1,1,1.096456,1,0,0,0,OE,18
72,R02016[K,p],0.321486,1,1,1.096456,1,0,0,0,OE,18
73,R00175[K,c],0.321486,1,1,1.096456,1,0,0,0,OE,18
74,cpTransport_C00014[K],0.321486,1,1,1.096456,1,0,0,0,OE,18
75,cpTransport_C00042[K],0.321486,1,1,1.096456,1,0,0,0,OE,18
76,R00224[K,c],0.321486,1,1,1.096456,1,0,0,0,OE,18
77,R01641[K,c],0.321486,1,1,1.096456,0,1,0,0,KO,18
78,R01829[K,c],0.321486,1,1,1.096456,0,1,0,0,KO,18
79,R01843[K,c],0.321486,1,1,1.096456,0,1,0,0,KO,18
80,18:2-16:1t-PGdegradation[K],0.321486,1,1,1.096456,0,1,0,0,KO,18
81,R02199[K,p],0.321486,1,1,1.096456,1,0,0,0,OE,18
82,Exchange_161tPG[K,L],0.321486,1,1,1.096456,0,1,0,0,KO,18
83,cpTransport_C00020[K],0.321486,1,1,1.096455,0,1,0,0,KO,18
84,16:0/18:3-MGDGdegradation[K],0.321486,1,1,1.096455,0,1,0,0,KO,18
85,MR01285[K,p],0.321486,1,1,1.096455,0,1,0,0,KO,18
86,cpTransport_MC00925[K],0.321486,1,1,1.096455,0,1,0,0,KO,18
87,MR01100[K,p],0.321486,1,1,1.096455,0,1,0,0,KO,18
88,R01184[K,c],0.321486,1,1,1.096455,0,1,0,0,KO,18
89,R01381[K,c],0.321486,1,1,1.096455,0,1,0,0,KO,18
90,R01476[K,c],0.321486,1,1,1.096455,0,1,0,0,KO,18
91,R07559[K,p],0.321486,1,1,1.096455,0,1,0,0,KO,18
92,R00291[K,c],0.321485,1,1,1.096455,1,0,0,0,OE,18
93,R00332[K,c],0.321485,1,1,1.096455,1,0,0,0,OE,18
94,R00707[K,m],0.321485,1,1,1.096455,0,1,0,0,KO,18
95,MR00732[K,m],0.321485,1,1,1.096455,0,0,1,0,MIM,18
96,R00118[K,c],0.321485,1,1,1.096455,1,0,0,0,OE,18
97,R00512[K,p],0.321485,1,1,1.096455,1,0,0,0,OE,18
98,18:3/18:3-DGDGdegradation[K],0.321304,1,1,1.095581,0,1,0,0,KO,18
99,cpTransport_MC00939[K],0.321304,1,1,1.095581,0,1,0,0,KO,18
