Reaction,GSM_Match,Screen_Type,Function,Fold_Change,Has_GPR,GPR_Type,N_Genes,Gene_IDs,Pathway,GPR_Rule,Category
Exe2[K],Exe2[K],KO,Lipid export,"46,434x",No,none,0,No GPR / Transport reaction,0,N/A,Key_Target
Trans2[K],Trans2[K],KO,Lipid transport,"46,434x",No,none,0,No GPR / Transport reaction,0,N/A,Key_Target
cpTransport_C00007[K],cpTransport_C00007[K],KO,O2 transport (plastid-cytosol),"23,470x",No,none,0,No GPR / Transport reaction,0,N/A,Key_Target
"R00216[K,p]","R00216[K,p]",KO,Pyruvate dehydrogenase (plastid),"16,234x",Yes,isozymes,5,GRMZM2G085019; GRMZM2G085747; GRMZM2G122479; GRMZM2G404237; GRMZM5G886257,Pyruvate metabolism,(GRMZM2G085747 or GRMZM2G404237 or GRMZM5G886257 or GRMZM2G122479 or GRMZM2G085019),Key_Target
"R00282[K,c]","R00282[K,c]",KO,Acetyl-CoA carboxylase (cytosol),28x,Yes,single_gene,1,GRMZM2G000236,0,(GRMZM2G000236),Key_Target
"MR00558[K,p]","MR00558[K,p]",OE,Lipid biosynthesis,1.096x,No,none,0,No GPR / Transport reaction,0,N/A,Key_Target
"R01308[K,p]","R01308[K,p]",OE,Shikimate pathway,1.096x,No,none,0,No GPR / Transport reaction,"Phenylalanine, tyrosine and tryptophan metabolism",N/A,Key_Target
"R01280[K,p]","R01280[K,p]",OE,Chorismate synthesis,1.096x,Yes,isozymes,13,GRMZM2G002614; GRMZM2G016774; GRMZM2G059381; GRMZM2G098596; GRMZM2G101875; GRMZM2G104847; GRMZM2G117064; GRMZM2G118286; GRMZM2G152127; GRMZM2G176546; GRMZM2G339336; GRMZM5G840955; GRMZM5G861300,Fatty acid metabolism,(GRMZM2G104847 or GRMZM2G152127 or GRMZM2G118286 or GRMZM2G059381 or GRMZM2G016774 or GRMZM2G098596 or GRMZM2G176546 or GRMZM2G101875 or GRMZM2G002614 or GRMZM2G339336 or GRMZM5G840955 or GRMZM2G117064 or GRMZM5G861300),Key_Target
"R00883[K,c]","R00883[K,c]",OE,Phosphofructokinase,1.096x,Yes,isozymes,2,GRMZM2G119300; GRMZM2G149265,Fructose and mannose metabolism,(GRMZM2G149265 or GRMZM2G119300),Key_Target
"R00512[K,c]","R00512[K,c]",OE,Pyruvate kinase (cytosol),1.096x,Yes,isozymes,4,GRMZM2G067453; GRMZM2G079944; GRMZM2G149281; GRMZM5G801436,Pyrimidine metabolism,(GRMZM2G067453 or GRMZM2G079944 or GRMZM5G801436 or GRMZM2G149281),Key_Target
"R01015[K,c]","R01015[K,c]",OE,Glycolysis,1.096x,Yes,isozymes,15,GRMZM2G002807; GRMZM2G017257; GRMZM2G017578; GRMZM2G018177; GRMZM2G023471; GRMZM2G026182; GRMZM2G030784; GRMZM2G146206; GRMZM2G305211; GRMZM2G346168; GRMZM2G370275; GRMZM2G419024; GRMZM2G435244; GRMZM2G439389; GRMZM5G852968,Calvin-Benson-Bassham cycle,(GRMZM2G017257 or GRMZM2G023471 or GRMZM2G439389 or GRMZM2G305211 or GRMZM2G346168 or GRMZM2G026182 or GRMZM2G419024 or GRMZM2G018177 or GRMZM2G146206 or GRMZM5G852968 or GRMZM2G017578 or GRMZM2G030784 or GRMZM2G002807 or GRMZM2G435244 or GRMZM2G370275 or GRMZM2G370275 or GRMZM2G030784),Key_Target
"R00667[K,m]","R00667[K,m]",OE,TCA cycle (mitochondrial),1.096x,Yes,isozymes,2,GRMZM2G080828; GRMZM2G119583,Arginine and proline metabolism,(GRMZM2G119583 or GRMZM2G080828),Key_Target
"MR00422[K,p]","MR00422[K,p]",MIM,Lipid metabolism (plastid),1.096x,Yes,isozymes,15,AC209860.3_FGP004; GRMZM2G002656; GRMZM2G006620; GRMZM2G014813; GRMZM2G068665; GRMZM2G074454; GRMZM2G127798; GRMZM2G145715; GRMZM2G153984; GRMZM2G398473; GRMZM2G413647; GRMZM2G431708; GRMZM2G440208; GRMZM5G818186; GRMZM5G848696,0,(GRMZM2G002656 or GRMZM2G413647 or AC209860.3_FGP004 or GRMZM2G398473 or GRMZM2G127798 or GRMZM2G431708 or GRMZM2G074454 or GRMZM2G014813 or GRMZM2G440208 or GRMZM2G153984 or GRMZM2G068665 or GRMZM2G145715 or GRMZM2G006620 or GRMZM5G818186 or GRMZM5G848696),Key_Target
"MR00732[K,m]","MR00732[K,m]",MIM,Mitochondrial metabolism,1.096x,Yes,isozymes,4,AC197672.3_FGP002; GRMZM2G377341; GRMZM5G858094; GRMZM5G890665,Biotin metabolism,(GRMZM5G890665 or AC197672.3_FGP002 or GRMZM2G377341 or GRMZM5G858094),Key_Target
"R00342[K,p]","R00342[K,p]",MIM,Transketolase (plastid),1.096x,Yes,isozymes,11,GRMZM2G035767; GRMZM2G068455; GRMZM2G072744; GRMZM2G077415; GRMZM2G101290; GRMZM2G141289; GRMZM2G154595; GRMZM2G161245; GRMZM2G415359; GRMZM2G466833; GRMZM5G811212,Pyruvate metabolism,(GRMZM2G415359 or GRMZM2G035767 or GRMZM2G141289 or GRMZM5G811212 or GRMZM2G154595 or GRMZM2G068455 or GRMZM2G077415 or GRMZM2G466833 or GRMZM2G101290 or GRMZM2G161245 or GRMZM2G415359 or GRMZM2G072744),Key_Target
cpTransport_C00712[K],cpTransport_C00712[K],VER,Nicotinamide transport,1.096x,No,none,0,No GPR / Transport reaction,0,N/A,Key_Target
"R00451[K,p]","R00451[K,p]",REF,DAP decarboxylase (lysine),N/A,Yes,single_gene,1,GRMZM2G020446,Lysine metabolism,(GRMZM2G020446),Key_Target
"R02292[K,p]","R02292[K,p]",REF,DHDPS (lysine committed step),N/A,Yes,single_gene,1,GRMZM2G027835,Lysine metabolism,(GRMZM2G027835),Key_Target
1,Exe1[K],4.666849,,1,No,none,0,No GPR,N/A,N/A,Screening_Target
"10,MR01102[K",NOT_FOUND,0.321486,,1,No,none,0,No GPR,N/A,N/A,Screening_Target
"11,MR01164[K",NOT_FOUND,0.321486,,1,No,none,0,No GPR,N/A,N/A,Screening_Target
"12,MR00558[K",NOT_FOUND,0.321486,,1,No,none,0,No GPR,N/A,N/A,Screening_Target
"13,R00936[K",NOT_FOUND,0.321486,,1,No,none,0,No GPR,N/A,N/A,Screening_Target
"14,R02103[K",NOT_FOUND,0.321486,,1,No,none,0,No GPR,N/A,N/A,Screening_Target
"15,MR01144[K",NOT_FOUND,0.321486,,1,No,none,0,No GPR,N/A,N/A,Screening_Target
"16,MR01146[K",NOT_FOUND,0.321486,,1,No,none,0,No GPR,N/A,N/A,Screening_Target
17,"PhloemTransport_C03172[K,c]",0.321486,,1,No,none,0,No GPR,N/A,N/A,Screening_Target
18,"PhloemTransport_C14818[K,c]",0.321486,,1,No,none,0,No GPR,N/A,N/A,Screening_Target
"18,Exchange_161tPG[K",NOT_FOUND,KO,,,No,none,0,No GPR,N/A,N/A,Screening_Target
"18,MR00348[K",NOT_FOUND,KO,,,No,none,0,No GPR,N/A,N/A,Screening_Target
"18,MR00422[K",NOT_FOUND,MIM,,,No,none,0,No GPR,N/A,N/A,Screening_Target
"18,MR00558[K",NOT_FOUND,OE,,,No,none,0,No GPR,N/A,N/A,Screening_Target
"18,MR00732[K",NOT_FOUND,MIM,,,No,none,0,No GPR,N/A,N/A,Screening_Target
"18,MR01086[K",NOT_FOUND,KO,,,No,none,0,No GPR,N/A,N/A,Screening_Target
"18,MR01087[K",NOT_FOUND,KO,,,No,none,0,No GPR,N/A,N/A,Screening_Target
"18,MR01091[K",NOT_FOUND,KO,,,No,none,0,No GPR,N/A,N/A,Screening_Target
"18,MR01093[K",NOT_FOUND,KO,,,No,none,0,No GPR,N/A,N/A,Screening_Target
"18,MR01100[K",NOT_FOUND,KO,,,No,none,0,No GPR,N/A,N/A,Screening_Target
"18,MR01101[K",NOT_FOUND,KO,,,No,none,0,No GPR,N/A,N/A,Screening_Target
"18,MR01102[K",NOT_FOUND,KO,,,No,none,0,No GPR,N/A,N/A,Screening_Target
"18,MR01103[K",NOT_FOUND,KO,,,No,none,0,No GPR,N/A,N/A,Screening_Target
"18,MR01106[K",NOT_FOUND,KO,,,No,none,0,No GPR,N/A,N/A,Screening_Target
"18,MR01144[K",NOT_FOUND,KO,,,No,none,0,No GPR,N/A,N/A,Screening_Target
"18,MR01146[K",NOT_FOUND,KO,,,No,none,0,No GPR,N/A,N/A,Screening_Target
"18,MR01162[K",NOT_FOUND,KO,,,No,none,0,No GPR,N/A,N/A,Screening_Target
"18,MR01164[K",NOT_FOUND,KO,,,No,none,0,No GPR,N/A,N/A,Screening_Target
"18,MR01165[K",NOT_FOUND,KO,,,No,none,0,No GPR,N/A,N/A,Screening_Target
"18,MR01235[K",NOT_FOUND,KO,,,No,none,0,No GPR,N/A,N/A,Screening_Target
"18,MR01285[K",NOT_FOUND,KO,,,No,none,0,No GPR,N/A,N/A,Screening_Target
"18,PhloemImport_C00055_E[K",NOT_FOUND,OE,,,No,none,0,No GPR,N/A,N/A,Screening_Target
"18,PhloemImport_C00079[K",NOT_FOUND,KO,,,No,none,0,No GPR,N/A,N/A,Screening_Target
"18,PhloemImport_C00082[K",NOT_FOUND,KO,,,No,none,0,No GPR,N/A,N/A,Screening_Target
"18,PhloemImport_C00130_E[K",NOT_FOUND,OE,,,No,none,0,No GPR,N/A,N/A,Screening_Target
"18,PhloemTransport_C00002[K",NOT_FOUND,KO,,,No,none,0,No GPR,N/A,N/A,Screening_Target
"18,PhloemTransport_C00015[K",NOT_FOUND,KO,,,No,none,0,No GPR,N/A,N/A,Screening_Target
"18,PhloemTransport_C00063[K",NOT_FOUND,KO,,,No,none,0,No GPR,N/A,N/A,Screening_Target
"18,PhloemTransport_C00079[K",NOT_FOUND,KO,,,No,none,0,No GPR,N/A,N/A,Screening_Target
"18,PhloemTransport_C00082[K",NOT_FOUND,KO,,,No,none,0,No GPR,N/A,N/A,Screening_Target
"18,PhloemTransport_C00188[K",NOT_FOUND,OE,,,No,none,0,No GPR,N/A,N/A,Screening_Target
"18,R00009[K",NOT_FOUND,OE,,,No,none,0,No GPR,N/A,N/A,Screening_Target
"18,R00014[K",NOT_FOUND,KO,,,No,none,0,No GPR,N/A,N/A,Screening_Target
"18,R00118[K",NOT_FOUND,OE,,,No,none,0,No GPR,N/A,N/A,Screening_Target
"18,R00175[K",NOT_FOUND,OE,,,No,none,0,No GPR,N/A,N/A,Screening_Target
"18,R00211[K",NOT_FOUND,KO,,,No,none,0,No GPR,N/A,N/A,Screening_Target
"18,R00216[K",NOT_FOUND,KO,,,No,none,0,No GPR,N/A,N/A,Screening_Target
"18,R00224[K",NOT_FOUND,OE,,,No,none,0,No GPR,N/A,N/A,Screening_Target
"18,R00248[K",NOT_FOUND,KO,,,No,none,0,No GPR,N/A,N/A,Screening_Target
"18,R00259[K",NOT_FOUND,OE,,,No,none,0,No GPR,N/A,N/A,Screening_Target
"18,R00282[K",NOT_FOUND,KO,,,No,none,0,No GPR,N/A,N/A,Screening_Target
"18,R00291[K",NOT_FOUND,OE,,,No,none,0,No GPR,N/A,N/A,Screening_Target
"18,R00299[K",NOT_FOUND,KO,,,No,none,0,No GPR,N/A,N/A,Screening_Target
"18,R00332[K",NOT_FOUND,OE,,,No,none,0,No GPR,N/A,N/A,Screening_Target
"18,R00342[K",NOT_FOUND,OE,,,No,none,0,No GPR,N/A,N/A,Screening_Target
"18,R00351[K",NOT_FOUND,OE,,,No,none,0,No GPR,N/A,N/A,Screening_Target
"18,R00512[K",NOT_FOUND,OE,,,No,none,0,No GPR,N/A,N/A,Screening_Target
"18,R00586[K",NOT_FOUND,OE,,,No,none,0,No GPR,N/A,N/A,Screening_Target
"18,R00667[K",NOT_FOUND,OE,,,No,none,0,No GPR,N/A,N/A,Screening_Target
"18,R00707[K",NOT_FOUND,KO,,,No,none,0,No GPR,N/A,N/A,Screening_Target
"18,R00756[K",NOT_FOUND,OE,,,No,none,0,No GPR,N/A,N/A,Screening_Target
"18,R00801[K",NOT_FOUND,OE,,,No,none,0,No GPR,N/A,N/A,Screening_Target
"18,R00844[K",NOT_FOUND,OE,,,No,none,0,No GPR,N/A,N/A,Screening_Target
"18,R00883[K",NOT_FOUND,OE,,,No,none,0,No GPR,N/A,N/A,Screening_Target
"18,R00936[K",NOT_FOUND,KO,,,No,none,0,No GPR,N/A,N/A,Screening_Target
"18,R01015[K",NOT_FOUND,OE,,,No,none,0,No GPR,N/A,N/A,Screening_Target
"18,R01184[K",NOT_FOUND,KO,,,No,none,0,No GPR,N/A,N/A,Screening_Target
"18,R01251_mod[K",NOT_FOUND,KO,,,No,none,0,No GPR,N/A,N/A,Screening_Target
"18,R01280[K",NOT_FOUND,OE,,,No,none,0,No GPR,N/A,N/A,Screening_Target
"18,R01308[K",NOT_FOUND,OE,,,No,none,0,No GPR,N/A,N/A,Screening_Target
"18,R01381[K",NOT_FOUND,KO,,,No,none,0,No GPR,N/A,N/A,Screening_Target
"18,R01476[K",NOT_FOUND,KO,,,No,none,0,No GPR,N/A,N/A,Screening_Target
"18,R01641[K",NOT_FOUND,KO,,,No,none,0,No GPR,N/A,N/A,Screening_Target
"18,R01829[K",NOT_FOUND,KO,,,No,none,0,No GPR,N/A,N/A,Screening_Target
"18,R01843[K",NOT_FOUND,KO,,,No,none,0,No GPR,N/A,N/A,Screening_Target
"18,R01866[K",NOT_FOUND,OE,,,No,none,0,No GPR,N/A,N/A,Screening_Target
"18,R02016[K",NOT_FOUND,OE,,,No,none,0,No GPR,N/A,N/A,Screening_Target
"18,R02092[K",NOT_FOUND,OE,,,No,none,0,No GPR,N/A,N/A,Screening_Target
"18,R02103[K",NOT_FOUND,KO,,,No,none,0,No GPR,N/A,N/A,Screening_Target
"18,R02199[K",NOT_FOUND,OE,,,No,none,0,No GPR,N/A,N/A,Screening_Target
"18,R02734[K",NOT_FOUND,OE,,,No,none,0,No GPR,N/A,N/A,Screening_Target
"18,R02738[K",NOT_FOUND,KO,,,No,none,0,No GPR,N/A,N/A,Screening_Target
"18,R02740[K",NOT_FOUND,KO,,,No,none,0,No GPR,N/A,N/A,Screening_Target
"18,R04001[K",NOT_FOUND,KO,,,No,none,0,No GPR,N/A,N/A,Screening_Target
"18,R07559[K",NOT_FOUND,KO,,,No,none,0,No GPR,N/A,N/A,Screening_Target
"19,PhloemTransport_C00082[K",NOT_FOUND,0.321486,,1,No,none,0,No GPR,N/A,N/A,Screening_Target
2,"PhloemTransport_C00025[K,c]",4.666849,,1,No,none,0,No GPR,N/A,N/A,Screening_Target
"20,PhloemImport_C00082[K",NOT_FOUND,0.321486,,1,No,none,0,No GPR,N/A,N/A,Screening_Target
"21,PhloemTransport_C00079[K",NOT_FOUND,0.321486,,1,No,none,0,No GPR,N/A,N/A,Screening_Target
"22,PhloemImport_C00079[K",NOT_FOUND,0.321486,,1,No,none,0,No GPR,N/A,N/A,Screening_Target
"23,MR01086[K",NOT_FOUND,0.321486,,1,No,none,0,No GPR,N/A,N/A,Screening_Target
"24,MR01091[K",NOT_FOUND,0.321486,,1,No,none,0,No GPR,N/A,N/A,Screening_Target
"25,MR01103[K",NOT_FOUND,0.321486,,1,No,none,0,No GPR,N/A,N/A,Screening_Target
"26,MR01106[K",NOT_FOUND,0.321486,,1,No,none,0,No GPR,N/A,N/A,Screening_Target
"27,R04001[K",NOT_FOUND,0.321486,,1,No,none,0,No GPR,N/A,N/A,Screening_Target
"28,R00014[K",NOT_FOUND,0.321486,,1,No,none,0,No GPR,N/A,N/A,Screening_Target
"29,MR01101[K",NOT_FOUND,0.321486,,1,No,none,0,No GPR,N/A,N/A,Screening_Target
3,"PhloemTransport_C00031[K,c]",4.370525,,1,No,none,0,No GPR,N/A,N/A,Screening_Target
"30,R01251_mod[K",NOT_FOUND,0.321486,,1,No,none,0,No GPR,N/A,N/A,Screening_Target
"31,MR01162[K",NOT_FOUND,0.321486,,1,No,none,0,No GPR,N/A,N/A,Screening_Target
32,"R04432[K,p]",0.321486,,1,Yes,single_gene,1,GRMZM2G001297,beta-Alanine metabolism,(GRMZM2G001297),Screening_Target
"33,R01308[K",NOT_FOUND,0.321486,,1,No,none,0,No GPR,N/A,N/A,Screening_Target
34,"PhloemTransport_C00034[K,c]",0.321486,,1,No,none,0,No GPR,N/A,N/A,Screening_Target
35,"PhloemTransport_C00035[K,c]",0.321486,,1,No,none,0,No GPR,N/A,N/A,Screening_Target
"36,R01280[K",NOT_FOUND,0.321486,,1,No,none,0,No GPR,N/A,N/A,Screening_Target
"37,R00248[K",NOT_FOUND,0.321486,,1,No,none,0,No GPR,N/A,N/A,Screening_Target
"38,MR01101[K",NOT_FOUND,0.321486,,1,No,none,0,No GPR,N/A,N/A,Screening_Target
"39,MR01235[K",NOT_FOUND,0.321486,,1,No,none,0,No GPR,N/A,N/A,Screening_Target
"4,R00216[K",NOT_FOUND,4.210445,,1,No,none,0,No GPR,N/A,N/A,Screening_Target
"40,R00299[K",NOT_FOUND,0.321486,,1,No,none,0,No GPR,N/A,N/A,Screening_Target
"41,R00512[K",NOT_FOUND,0.321486,,1,No,none,0,No GPR,N/A,N/A,Screening_Target
"42,R00883[K",NOT_FOUND,0.321486,,1,No,none,0,No GPR,N/A,N/A,Screening_Target
"43,R01015[K",NOT_FOUND,0.321486,,1,No,none,0,No GPR,N/A,N/A,Screening_Target
"44,R00844[K",NOT_FOUND,0.321486,,1,No,none,0,No GPR,N/A,N/A,Screening_Target
"45,R02092[K",NOT_FOUND,0.321486,,1,No,none,0,No GPR,N/A,N/A,Screening_Target
"46,PhloemImport_C00055_E[K",NOT_FOUND,0.321486,,1,No,none,0,No GPR,N/A,N/A,Screening_Target
"47,PhloemImport_C00130_E[K",NOT_FOUND,0.321486,,1,No,none,0,No GPR,N/A,N/A,Screening_Target
"48,MR00348[K",NOT_FOUND,0.321486,,1,No,none,0,No GPR,N/A,N/A,Screening_Target
"49,R02740[K",NOT_FOUND,0.321486,,1,No,none,0,No GPR,N/A,N/A,Screening_Target
"5,R00282[K",NOT_FOUND,1.463910,,1,No,none,0,No GPR,N/A,N/A,Screening_Target
50,"R07509[K,m]",0.321486,,1,Yes,single_gene,1,GRMZM2G000531,Steroid biosynthesis,(GRMZM2G000531),Screening_Target
"51,PhloemTransport_C00015[K",NOT_FOUND,0.321486,,1,No,none,0,No GPR,N/A,N/A,Screening_Target
"52,PhloemTransport_C00002[K",NOT_FOUND,0.321486,,1,No,none,0,No GPR,N/A,N/A,Screening_Target
"53,R02738[K",NOT_FOUND,0.321486,,1,No,none,0,No GPR,N/A,N/A,Screening_Target
"54,R00211[K",NOT_FOUND,0.321486,,1,No,none,0,No GPR,N/A,N/A,Screening_Target
"55,PhloemTransport_C00063[K",NOT_FOUND,0.321486,,1,No,none,0,No GPR,N/A,N/A,Screening_Target
"56,R00667[K",NOT_FOUND,0.321486,,1,No,none,0,No GPR,N/A,N/A,Screening_Target
57,"R05700[K,m]",0.321486,,1,Yes,isozymes,7,GRMZM2G058675; GRMZM2G071021; GRMZM2G097706; GRMZM2G122172; GRMZM2G125268; GRMZM2G380438; GRMZM2G407949,Phenylpropanoid metabolism,(GRMZM2G058675 or GRMZM2G380438 or GRMZM2G407949 or GRMZM2G122172 or GRMZM2G125268 or GRMZM2G071021 or GRMZM2G097706),Screening_Target
58,"R08158[K,c]",0.321486,,1,Yes,single_gene,1,GRMZM2G007489,Fatty acid metabolism,(GRMZM2G007489),Screening_Target
"59,MR01087[K",NOT_FOUND,0.321486,,1,No,none,0,No GPR,N/A,N/A,Screening_Target
6,"PhloemTransport_C00064[K,c]",0.642972,,2,No,none,0,No GPR,N/A,N/A,Screening_Target
"60,MR01093[K",NOT_FOUND,0.321486,,1,No,none,0,No GPR,N/A,N/A,Screening_Target
61,"R07618[K,m]",0.321486,,1,Yes,isozymes,6,AC191387.3_FG009; GRMZM2G015132; GRMZM2G082664; GRMZM2G145595; GRMZM2G152958; GRMZM2G165176,"Valine, leucine and isoleucine metabolism",(AC191387.3_FG009 or GRMZM2G145595 or GRMZM2G152958 or GRMZM2G165176 or GRMZM2G015132 or GRMZM2G082664),Screening_Target
"62,R00351[K",NOT_FOUND,0.321486,,1,No,none,0,No GPR,N/A,N/A,Screening_Target
"63,R00756[K",NOT_FOUND,0.321486,,1,No,none,0,No GPR,N/A,N/A,Screening_Target
"64,R01866[K",NOT_FOUND,0.321486,,1,No,none,0,No GPR,N/A,N/A,Screening_Target
"65,R02734[K",NOT_FOUND,0.321486,,1,No,none,0,No GPR,N/A,N/A,Screening_Target
"66,PhloemTransport_C00188[K",NOT_FOUND,0.321486,,1,No,none,0,No GPR,N/A,N/A,Screening_Target
"67,MR00422[K",NOT_FOUND,0.321486,,1,No,none,0,No GPR,N/A,N/A,Screening_Target
"68,R00009[K",NOT_FOUND,0.321486,,1,No,none,0,No GPR,N/A,N/A,Screening_Target
"69,R00259[K",NOT_FOUND,0.321486,,1,No,none,0,No GPR,N/A,N/A,Screening_Target
"7,R00342[K",NOT_FOUND,0.642971,,2,No,none,0,No GPR,N/A,N/A,Screening_Target
"70,R00586[K",NOT_FOUND,0.321486,,1,No,none,0,No GPR,N/A,N/A,Screening_Target
"71,R00801[K",NOT_FOUND,0.321486,,1,No,none,0,No GPR,N/A,N/A,Screening_Target
"72,R02016[K",NOT_FOUND,0.321486,,1,No,none,0,No GPR,N/A,N/A,Screening_Target
"73,R00175[K",NOT_FOUND,0.321486,,1,No,none,0,No GPR,N/A,N/A,Screening_Target
74,"R02740[K,c]",0.321486,,1,Yes,isozymes,4,GRMZM2G065083; GRMZM2G076075; GRMZM2G140614; GRMZM6G477257,Glycolysis,(GRMZM2G140614 or GRMZM2G076075 or GRMZM2G065083 or GRMZM6G477257),Screening_Target
75,"PhloemTransport_C00075[K,c]",0.321486,,1,No,none,0,No GPR,N/A,N/A,Screening_Target
"76,R00224[K",NOT_FOUND,0.321486,,1,No,none,0,No GPR,N/A,N/A,Screening_Target
"77,R01641[K",NOT_FOUND,0.321486,,1,No,none,0,No GPR,N/A,N/A,Screening_Target
"78,R01829[K",NOT_FOUND,0.321486,,1,No,none,0,No GPR,N/A,N/A,Screening_Target
"79,R01843[K",NOT_FOUND,0.321486,,1,No,none,0,No GPR,N/A,N/A,Screening_Target
"8,MR01165[K",NOT_FOUND,0.321486,,1,No,none,0,No GPR,N/A,N/A,Screening_Target
80,"MR00803[K,c]",0.321486,,1,Yes,isozymes,35,AC233893.1_FGP003; GRMZM2G003138; GRMZM2G003190; GRMZM2G003501; GRMZM2G007757; GRMZM2G012863; GRMZM2G022558; GRMZM2G022563; GRMZM2G036411; GRMZM2G060481; GRMZM2G062718; GRMZM2G063024; GRMZM2G072205; GRMZM2G104626; GRMZM2G108894; GRMZM2G111677; GRMZM2G124335; GRMZM2G135498; GRMZM2G149636; GRMZM2G151476; GRMZM2G152105; GRMZM2G156620; GRMZM2G160417; GRMZM2G164974; GRMZM2G167438; GRMZM2G168304; GRMZM2G168956; GRMZM2G380650; GRMZM2G393897; GRMZM2G409312; GRMZM2G445602; GRMZM2G477683; GRMZM2G569948; GRMZM5G854500; GRMZM5G894016,0,(GRMZM2G003190 or GRMZM2G012863 or GRMZM2G168956 or GRMZM2G022558 or GRMZM2G111677 or GRMZM5G854500 or GRMZM2G151476 or GRMZM2G152105 or GRMZM2G104626 or AC233893.1_FGP003 or GRMZM2G036411 or GRMZM2G060481 or GRMZM2G393897 or GRMZM2G108894 or GRMZM2G072205 or GRMZM2G135498 or GRMZM2G168304 or GRMZM2G160417 or GRMZM2G156620 or GRMZM2G477683 or GRMZM2G007757 or GRMZM2G569948 or GRMZM5G894016 or GRMZM2G003501 or GRMZM2G062718 or GRMZM2G409312 or GRMZM2G022563 or GRMZM2G124335 or GRMZM2G445602 or GRMZM2G164974 or GRMZM2G149636 or GRMZM2G003138 or GRMZM2G063024 or GRMZM2G380650 or GRMZM2G167438),Screening_Target
"81,R02199[K",NOT_FOUND,0.321486,,1,No,none,0,No GPR,N/A,N/A,Screening_Target
"82,Exchange_161tPG[K",NOT_FOUND,0.321486,,1,No,none,0,No GPR,N/A,N/A,Screening_Target
83,"PhloemTransport_C00283[K,c]",0.321486,,1,No,none,0,No GPR,N/A,N/A,Screening_Target
84,"MR00684[K,p]",0.321486,,1,Yes,isozymes,35,AC233893.1_FGP003; GRMZM2G003138; GRMZM2G003190; GRMZM2G003501; GRMZM2G007757; GRMZM2G012863; GRMZM2G022558; GRMZM2G022563; GRMZM2G036411; GRMZM2G060481; GRMZM2G062718; GRMZM2G063024; GRMZM2G072205; GRMZM2G104626; GRMZM2G108894; GRMZM2G111677; GRMZM2G124335; GRMZM2G135498; GRMZM2G149636; GRMZM2G151476; GRMZM2G152105; GRMZM2G156620; GRMZM2G160417; GRMZM2G164974; GRMZM2G167438; GRMZM2G168304; GRMZM2G168956; GRMZM2G380650; GRMZM2G393897; GRMZM2G409312; GRMZM2G445602; GRMZM2G477683; GRMZM2G569948; GRMZM5G854500; GRMZM5G894016,0,(GRMZM2G003190 or GRMZM2G012863 or GRMZM2G168956 or GRMZM2G022558 or GRMZM2G111677 or GRMZM5G854500 or GRMZM2G151476 or GRMZM2G152105 or GRMZM2G104626 or AC233893.1_FGP003 or GRMZM2G036411 or GRMZM2G060481 or GRMZM2G393897 or GRMZM2G108894 or GRMZM2G072205 or GRMZM2G135498 or GRMZM2G168304 or GRMZM2G160417 or GRMZM2G156620 or GRMZM2G477683 or GRMZM2G007757 or GRMZM2G569948 or GRMZM5G894016 or GRMZM2G003501 or GRMZM2G062718 or GRMZM2G409312 or GRMZM2G022563 or GRMZM2G124335 or GRMZM2G445602 or GRMZM2G164974 or GRMZM2G149636 or GRMZM2G003138 or GRMZM2G063024 or GRMZM2G380650 or GRMZM2G167438),Screening_Target
"85,MR01285[K",NOT_FOUND,0.321486,,1,No,none,0,No GPR,N/A,N/A,Screening_Target
86,"MR00286[K,p]",0.321486,,1,Yes,isozymes,3,AC190560.2_FGP002; GRMZM2G015588; GRMZM2G095579,0,(AC190560.2_FGP002 or GRMZM2G015588 or GRMZM2G095579),Screening_Target
"87,MR01100[K",NOT_FOUND,0.321486,,1,No,none,0,No GPR,N/A,N/A,Screening_Target
"88,R01184[K",NOT_FOUND,0.321486,,1,No,none,0,No GPR,N/A,N/A,Screening_Target
"89,R01381[K",NOT_FOUND,0.321486,,1,No,none,0,No GPR,N/A,N/A,Screening_Target
9,"PhloemTransport_C00095[K,c]",0.321486,,1,No,none,0,No GPR,N/A,N/A,Screening_Target
"90,R01476[K",NOT_FOUND,0.321486,,1,No,none,0,No GPR,N/A,N/A,Screening_Target
"91,R07559[K",NOT_FOUND,0.321486,,1,No,none,0,No GPR,N/A,N/A,Screening_Target
"92,R00291[K",NOT_FOUND,0.321485,,1,No,none,0,No GPR,N/A,N/A,Screening_Target
"93,R00332[K",NOT_FOUND,0.321485,,1,No,none,0,No GPR,N/A,N/A,Screening_Target
"94,R00707[K",NOT_FOUND,0.321485,,1,No,none,0,No GPR,N/A,N/A,Screening_Target
"95,MR00732[K",NOT_FOUND,0.321485,,1,No,none,0,No GPR,N/A,N/A,Screening_Target
"96,R00118[K",NOT_FOUND,0.321485,,1,No,none,0,No GPR,N/A,N/A,Screening_Target
"97,R00512[K",NOT_FOUND,0.321485,,1,No,none,0,No GPR,N/A,N/A,Screening_Target
98,"PhloemTransport_C00698[K,c]",0.321304,,1,No,none,0,No GPR,N/A,N/A,Screening_Target
99,"MR00799[K,c]",0.321304,,1,Yes,isozymes,35,AC233893.1_FGP003; GRMZM2G003138; GRMZM2G003190; GRMZM2G003501; GRMZM2G007757; GRMZM2G012863; GRMZM2G022558; GRMZM2G022563; GRMZM2G036411; GRMZM2G060481; GRMZM2G062718; GRMZM2G063024; GRMZM2G072205; GRMZM2G104626; GRMZM2G108894; GRMZM2G111677; GRMZM2G124335; GRMZM2G135498; GRMZM2G149636; GRMZM2G151476; GRMZM2G152105; GRMZM2G156620; GRMZM2G160417; GRMZM2G164974; GRMZM2G167438; GRMZM2G168304; GRMZM2G168956; GRMZM2G380650; GRMZM2G393897; GRMZM2G409312; GRMZM2G445602; GRMZM2G477683; GRMZM2G569948; GRMZM5G854500; GRMZM5G894016,0,(GRMZM2G003190 or GRMZM2G012863 or GRMZM2G168956 or GRMZM2G022558 or GRMZM2G111677 or GRMZM5G854500 or GRMZM2G151476 or GRMZM2G152105 or GRMZM2G104626 or AC233893.1_FGP003 or GRMZM2G036411 or GRMZM2G060481 or GRMZM2G393897 or GRMZM2G108894 or GRMZM2G072205 or GRMZM2G135498 or GRMZM2G168304 or GRMZM2G160417 or GRMZM2G156620 or GRMZM2G477683 or GRMZM2G007757 or GRMZM2G569948 or GRMZM5G894016 or GRMZM2G003501 or GRMZM2G062718 or GRMZM2G409312 or GRMZM2G022563 or GRMZM2G124335 or GRMZM2G445602 or GRMZM2G164974 or GRMZM2G149636 or GRMZM2G003138 or GRMZM2G063024 or GRMZM2G380650 or GRMZM2G167438),Screening_Target
